{"1000":{"bic":"ICROESMM","name":"Instituto de Crédito Oficial","address":{"street":"Ps del Prado, 4","postalCode":"28014","city":"Madrid","country":"ES"}},"1451":{"bic":"CRCGESB1","name":"Caisse Régionale de Crédit Agricole Mutuel Sud-Méditerranée (Ariège et Pyrénées-Orientales)","address":{"street":"Cl Córcega, 301","postalCode":"08008","city":"Barcelona","country":"ES"}},"1457":{"bic":"LLISESM1","name":"De Lage Landen International B.V., Sucursal en España","address":{"street":"CL  JOSE BARDASANO BAOS, 9","postalCode":"28016","city":"MADRID","country":"ES"}},"1459":{"bic":"PRABESMM","name":"Cooperatieve Rabobank U.A., Sucursal en España","address":{"street":"Cl Rafael Calvo, 39","postalCode":"28010","city":"Madrid","country":"ES"}},"1460":{"bic":"CRESESMM","name":"Crédit Suisse Ag, Sucursal en España","address":{"street":"Cl Ayala, 42","postalCode":"28001","city":"Madrid","country":"ES"}},"1465":{"bic":"INGDESMM","name":"Ing Bank, N.V. Sucursal en España","address":{"street":"VÍA DE LOS POBLADOS, 1F Y 1E","postalCode":"28033","city":"Madrid","country":"ES"}},"1472":{"bic":"UCSSESM1","name":"Crédit Agricole Leasing & Factoring, Sucursal en España","address":{"street":"Ps de la Castellana, 1","postalCode":"28046","city":"Madrid","country":"ES"}},"1473":{"bic":"PRIBESMX","name":"Edmond de Rothschild (Europe), Sucursal en España","address":{"street":"Ps de la Castellana, 55","postalCode":"28046","city":"Madrid","country":"ES"}},"1474":{"bic":"CITIESMXSEC","name":"Citibank Europe Plc, Sucursal en España","address":{"street":"Cl Ortega y Gasset 29","postalCode":"28006","city":"Madrid","country":"ES"}},"1479":{"bic":"NATXESMM","name":"Natixis, S.A., Sucursal en España","address":{"street":"Cl Serrano, 90","postalCode":"28004","city":"Madrid","country":"ES"}},"1480":{"bic":"VOWAES21","name":"Volkswagen Bank GmbH, Sucursal en España","address":{"street":"AV. DE BRUSELAS, 34","postalCode":"28108","city":"ALCOBENDAS","country":"ES"}},"1485":{"bic":"BOFAES2X","name":"Bank of America Europe DAC, Sucursal en España","address":{"street":"Cl Marqués de Villamagna, 3","postalCode":"28020","city":"Madrid","country":"ES"}},"1490":{"bic":"SELFESMMXXX","name":"Singular Bank, S.A.","address":{"street":"CALLE GOYA, 11","postalCode":"28001","city":"Madrid","country":"ES"}},"1491":{"bic":"TRIOES21","name":"Triodos Bank, N.V., S.E.","address":{"street":"CL JOSÉ ECHEGARAY, 5","postalCode":"28230","city":"LAS ROZAS DE MADRID","country":"ES"}},"1494":{"bic":"BCITESMM","name":"Intesa Sanpaolo S.p.A., Sucursal en España","address":{"street":"Pº de Castellana, 31","postalCode":"28046","city":"Madrid","country":"ES"}},"1497":{"bic":"ESSIESMM","name":"Haitong Bank, S.A., Sucursal en España","address":{"street":"Ps de la Castellana, 52","postalCode":"28046","city":"Madrid","country":"ES"}},"1544":{"bic":"BACAESMM","name":"Andbank España, S.A.","address":{"street":"Ps de la Castellana, 55","postalCode":"28046","city":"Madrid","country":"ES"}},"1550":{"bic":"ETICES21","name":"Banca Popolare Etica Società Cooperativa per Azioni, Sucursal en España","address":{"street":"Cl Santa María, 9","postalCode":"48005","city":"Bilbao","country":"ES"}},"1554":{"bic":"FASNESM1XXX","name":"BFF Bank, S.P.A. Sucursal en España","address":{"street":"Ps DE LA CASTELLANA, 81","postalCode":"28046","city":"Madrid","country":"ES"}},"2000":{"bic":"CECAESMM","name":"Cecabank, S.A.","address":{"street":"Cl Alcalá,27","postalCode":"28014","city":"Madrid","country":"ES"}},"2045":{"bic":"CECAESMM045","name":"Caja de Ahorros y Monte de Piedad de Ontinyent","address":{"street":"PZ SANTO DOMINGO, 24","postalCode":"46870","city":"ONTINYENT","country":"ES"}},"2056":{"bic":"CECAESMM056","name":"Colonya - Caixa D'estalvis de Pollensa","address":{"street":"PZ MAYOR, 7","postalCode":"07460","city":"POLLENÇA","country":"ES"}},"2080":{"bic":"CAGLESMMVIG","name":"Abanca Corporacion Bancaria, S.A.","address":{"street":"CI Cantón Claudino Pita, 2","postalCode":"15300","city":"Betanzos","country":"ES"}},"2085":{"bic":"CAZRES2Z","name":"Ibercaja Banco, S.A.","address":{"street":"Pz D. Basilio Paraíso, 2","postalCode":"50008","city":"Zaragoza","country":"ES"}},"2095":{"bic":"BASKES2B","name":"Kutxabank, S.A.","address":{"street":"CL GRAN VÍA, 30-32","postalCode":"48009","city":"BILBAO","country":"ES"}},"2100":{"bic":"CAIXESBB","name":"Caixabank, S.A.","address":{"street":"Cl Pintor Sorolla 2-4","postalCode":"46002","city":"Valencia","country":"ES"}},"2103":{"bic":"UCJAES2M","name":"Unicaja Banco, S.A.","address":{"street":"Av Andalucía, 10-12","postalCode":"29007","city":"Málaga","country":"ES"}},"3001":{"bic":"BCOEESMM001","name":"Caja Rural de Almendralejo, Sociedad Cooperativa de Crédito","address":{"street":"PZ DE SAN ANTONIO, SN","postalCode":"06200","city":"ALMENDRALEJO","country":"ES"}},"3005":{"bic":"BCOEESMM005","name":"Caja Rural Central, Sociedad Cooperativa de Crédito","address":{"street":"CL JOSÉ MARÍA SARGET 29","postalCode":"03300","city":"ORIHUELA","country":"ES"}},"3007":{"bic":"BCOEESMM007","name":"Caja Rural de Gijón, Sociedad Cooperativa Asturiana de Crédito","address":{"street":"PS DE LA INFANCIA, 10","postalCode":"33207","city":"GIJON","country":"ES"}},"3008":{"bic":"BCOEESMM008","name":"Caja Rural de Navarra, S. Coop. de Crédito","address":{"street":"PZ DE LOS FUEROS, 1","postalCode":"31003","city":"PAMPLONA/IRUÑA","country":"ES"}},"3009":{"bic":"BCOEESMM009","name":"Caja Rural de Extremadura, Sociedad Cooperativa de Crédito","address":{"street":"Av de Santa Marina 15","postalCode":"06005","city":"Badajoz","country":"ES"}},"3016":{"bic":"BCOEESMM016","name":"Caja Rural de Salamanca, Sociedad Cooperativa de Crédito","address":{"street":"Puerta de Zamora, 2","postalCode":"37005","city":"Salamanca","country":"ES"}},"3017":{"bic":"BCOEESMM017","name":"Caja Rural de Soria, Sociedad Cooperativa de Crédito","address":{"street":"Cl Diputación,1","postalCode":"42003","city":"Soria","country":"ES"}},"3018":{"bic":"BCOEESMM018","name":"Caja Rural Regional San Agustín Fuente Álamo Murcia, Sociedad Cooperativa de Crédito","address":{"street":"Gran Vía, 1","postalCode":"30320","city":"Fuente Álamo","country":"ES"}},"3020":{"bic":"BCOEESMM020","name":"Caja Rural de Utrera, Sociedad Cooperativa Andaluza de Crédito","address":{"street":"PZ DEL ALTOZANO, 22","postalCode":"41710","city":"UTRERA","country":"ES"}},"3023":{"bic":"BCOEESMM023","name":"Caja Rural de Granada, Sociedad Cooperativa de Crédito","address":{"street":"Av Don Bosco, 2","postalCode":"18006","city":"Granada","country":"ES"}},"3025":{"bic":"CDENESBB","name":"Caixa de Crédit dels Enginyers- Caja de Crédito de los Ingenieros, S. Coop. de Crédito","address":{"street":"Via Laietana, 39","postalCode":"08003","city":"Barcelona","country":"ES"}},"3029":{"bic":"CCRIES2A029","name":"Caja de Crédito de Petrel, Caja Rural, Cooperativa de Crédito Valenciana","address":{"street":"CL SAN BARTOLOMÉ,2","postalCode":"03610","city":"PETRER","country":"ES"}},"3035":{"bic":"CLPEES2M","name":"Caja Laboral Popular Coop. de Crédito","address":{"street":"PS JOSE MARÍA ARIZMENDIARRIETA SN","postalCode":"20500","city":"ARRASATE/MONDRAGON","country":"ES"}},"3045":{"bic":"CCRIES2A045","name":"Caixa Rural Altea, Cooperativa de Crédito Valenciana","address":{"street":"PLACETA DEL CONVENT, 2","postalCode":"03590","city":"ALTEA","country":"ES"}},"3058":{"bic":"CCRIES2A","name":"Cajamar Caja Rural, Sociedad Cooperativa de Crédito","address":{"street":"Pz Barcelona, 5","postalCode":"04006","city":"Almería","country":"ES"}},"3059":{"bic":"BCOEESMM059","name":"Caja Rural de Asturias, Sociedad Cooperativa de Crédito","address":{"street":"Cl Melquiades Álvarez,7","postalCode":"33002","city":"Oviedo","country":"ES"}},"3060":{"bic":"BCOEESMM060","name":"Caja Rural de Burgos, Fuentepelayo, Segovia y Castelldans, Sociedad Cooperativa de Crédito","address":{"street":"Cl. LosCoches, 2-4","postalCode":"40002","city":"Segovia","country":"ES"}},"3067":{"bic":"BCOEESMM067","name":"Caja Rural de Jaén, Barcelona y Madrid, Sociedad Cooperativa de Crédito","address":{"street":"CL EL CONDADO, 23","postalCode":"23620","city":"MENGIBAR","country":"ES"}},"3070":{"bic":"BCOEESMM070","name":"Caixa Rural Galega, Sociedad Cooperativa de Crédito Limitada Gallega","address":{"street":"Av de Montero Ríos, 24-26","postalCode":"27002","city":"Lugo","country":"ES"}},"3076":{"bic":"BCOEESMM076","name":"Cajasiete, Caja Rural, Sociedad Cooperativa de Crédito","address":{"street":"Av Manuel Hermoso Rojas, 8","postalCode":"38003","city":"Santa Cruz de Tenerife","country":"ES"}},"3080":{"bic":"BCOEESMM080","name":"Caja Rural de Teruel, Sociedad Cooperativa de Crédito","address":{"street":"Pz Carlos Castel, 14","postalCode":"44001","city":"Teruel","country":"ES"}},"3081":{"bic":"ERSVES22XXX","name":"Eurocaja Rural, Sociedad Cooperativa de Crédito","address":{"street":"Cl Méjico, 2","postalCode":"45004","city":"Toledo","country":"ES"}},"3085":{"bic":"BCOEESMM085","name":"Caja Rural de Zamora, Cooperativa de Crédito","address":{"street":"Av Alfonso IX, 7","postalCode":"49014","city":"Zamora","country":"ES"}},"3089":{"bic":"BCOEESMM089","name":"Caja Rural de Baena Ntra. Sra. de Guadalupe Sociedad Cooperativa de Crédito Andaluza","address":{"street":"CL  DUQUE DE RIVAS, 3","postalCode":"14850","city":"BAENA","country":"ES"}},"3095":{"bic":"CCRIES2A095","name":"Caja Rural San Roque de Almenara S. Coop. de Crédito  V.","address":{"street":"CL DR. BERENGUER, 4","postalCode":"12590","city":"ALMENARA","country":"ES"}},"3096":{"bic":"BCOEESMM096","name":"Caixa Rural de L'Alcudia, Sociedad Cooperativa Valenciana de  Crédito","address":{"street":"AV VERGE DE L'ORETO 2","postalCode":"46250","city":"L' ALCUDIA","country":"ES"}},"3098":{"bic":"BCOEESMM098","name":"Caja Rural de Nueva Carteya,  Sociedad Cooperativa Andaluza de Crédito","address":{"street":"AV ANDALUCÍA, 6","postalCode":"14857","city":"NUEVA CARTEYA","country":"ES"}},"3102":{"bic":"CCRIES2A102","name":"Caixa Rural Sant Vicent Ferrer de La Vall D'Uixó, Coop. de Credit V.","address":{"street":"PZ DEL CENTRO, 4","postalCode":"12600","city":"LA VALL D'UIXO","country":"ES"}},"3104":{"bic":"BCOEESMM104","name":"Caja Rural de Cañete de Las Torres Ntra. Sra. del Campo Sociedad Cooperativa Andaluza de Crédito","address":{"street":"PZA DE ESPAÑA, 5","postalCode":"14660","city":"CAÑETE DE LAS TORRES","country":"ES"}},"3105":{"bic":"CCRIES2A105","name":"Caixa Rural de Callosa d'en Sarrià, Cooperativa de Crédito Valenciana","address":{"street":"AV JAIME I, 1","postalCode":"03510","city":"CALLOSA D'EN SARRIA","country":"ES"}},"3110":{"bic":"CCRIES2A110","name":"Caja Rural Católico Agraria, S. Coop. de Crédito V.","address":{"street":"PZ MAYOR, 10","postalCode":"12540","city":"VILA-REAL","country":"ES"}},"3111":{"bic":"BCOEESMM111","name":"Caixa Rural La Vall 'San Isidro', Sociedad Cooperativa de Crédito Valenciana","address":{"street":"AV CORAZÓN DE JESÚS, 3","postalCode":"12600","city":"LA VALL D'UIXO","country":"ES"}},"3112":{"bic":"CCRIES2A112","name":"Caja Rural San José de Burriana, S. Coop. de Crédito V.","address":{"street":"PZ EL PLA, 1","postalCode":"12530","city":"BORRIANA/BURRIANA","country":"ES"}},"3113":{"bic":"BCOEESMM113","name":"Caja Rural San José de Alcora S. Coop. de Crédito V.","address":{"street":"CL SAN FRANCISCO, 14","postalCode":"12110","city":"L' ALCORA","country":"ES"}},"3115":{"bic":"BCOEESMM115","name":"Caja Rural 'Nuestra Madre del Sol', S. Coop. Andaluza de Crédito","address":{"street":"CL ALTO GUADALQUIVIR, 4","postalCode":"14430","city":"ADAMUZ","country":"ES"}},"3117":{"bic":"BCOEESMM117","name":"Caixa Rural D'Algemesí, S. Coop. V. de Crédit","address":{"street":"CL SAN JOSÉ DE CALASANZ, 6","postalCode":"46680","city":"ALGEMESI","country":"ES"}},"3118":{"bic":"CCRIES2A118","name":"Caixa Rural Torrent Cooperativa de Credit Valenciana","address":{"street":"AV AL VEDAT, 3","postalCode":"46900","city":"TORRENT","country":"ES"}},"3119":{"bic":"CCRIES2A119","name":"Caja Rural San Jaime de Alquerías Niño Perdido S. Coop. de Crédito V.","address":{"street":"CL JAIME CHICHARRO 24","postalCode":"12539","city":"ALQUERIAS DEL NIÑO PERDIDO","country":"ES"}},"3121":{"bic":"CCRIES2A121","name":"Caja Rural de Cheste, Sociedad Cooperativa de Crédito Valenciana","address":{"street":"PZ DR. CAJAL, 2","postalCode":"46380","city":"CHESTE","country":"ES"}},"3123":{"bic":"CCRIES2A123","name":"Caixa Rural de Turís, Cooperativa de Crédito Valenciana","address":{"street":"PZ CONSTITUCIÓN, 2","postalCode":"46389","city":"TURIS","country":"ES"}},"3127":{"bic":"BCOEESMM127","name":"Caja Rural de Casas Ibáñez, S. Coop. de Crédito de Castilla-La Mancha","address":{"street":"CL TERCIA, 49","postalCode":"02200","city":"CASAS-IBAÑEZ","country":"ES"}},"3130":{"bic":"BCOEESMM130","name":"Caja Rural San José de Almassora, S. Coop. de Crédito V.","address":{"street":"CL TRINIDAD, 20","postalCode":"12550","city":"ALMAZORA/ALMASSORA","country":"ES"}},"3134":{"bic":"BCOEESMM134","name":"Caja Rural Nuestra Señora de la Esperanza de Onda, S. Coop. de Crédito V.","address":{"street":"PZ EL PLÁ, 19","postalCode":"12200","city":"ONDA","country":"ES"}},"3135":{"bic":"CCRIES2A135","name":"Caja Rural San José de Nules S. Coop. de Crédito V.","address":{"street":"CL MAYOR, 66","postalCode":"12520","city":"NULES","country":"ES"}},"3138":{"bic":"BCOEESMM138","name":"Ruralnostra, Sociedad Cooperativa de Crédito Valenciana","address":{"street":"PZ MAYOR, 2","postalCode":"12549","city":"BETXI","country":"ES"}},"3140":{"bic":"BCOEESMM140","name":"Caja Rural de Guissona, Sociedad Cooperativa de Crédito","address":{"street":"CL TRASPALAU, 8","postalCode":"25210","city":"GUISSONA","country":"ES"}},"3144":{"bic":"BCOEESMM144","name":"Caja Rural de Villamalea, S. Coop. de Crédito Agrario de Castilla-La Mancha","address":{"street":"PZ DE LA CONCEPCIÓN, 1","postalCode":"02270","city":"VILLAMALEA","country":"ES"}},"3150":{"bic":"BCOEESMM150","name":"Caja Rural de Albal, Coop. de Crédito V.","address":{"street":"PZ DEL JARDÍ, 24","postalCode":"46470","city":"ALBAL","country":"ES"}},"3152":{"bic":"CCRIES2A152","name":"Caja Rural de Villar, Coop. de Crédito V.","address":{"street":"CL LAS CRUCES 33","postalCode":"46170","city":"VILLAR DEL ARZOBISPO","country":"ES"}},"3157":{"bic":"CCRIES2A157","name":"Caja Rural La Junquera de Chilches, S. Coop. de Crédito V.","address":{"street":"PZ DE ESPAÑA, 8","postalCode":"12592","city":"CHILCHES/XILXES","country":"ES"}},"3159":{"bic":"BCOEESMM159","name":"Caixa Popular-Caixa Rural, S. Coop. de Crédito V.","address":{"street":"AV JUAN DE LA CIERVA, 9","postalCode":"46980","city":"PATERNA","country":"ES"}},"3160":{"bic":"CCRIES2A160","name":"Caixa Rural Sant Josep de Vilavella, S. Coop. de Crédito V.","address":{"street":"CL CUEVA SANTA, 11","postalCode":"12526","city":"VILABELLA","country":"ES"}},"3162":{"bic":"BCOEESMM162","name":"Caixa Rural Benicarló, S. Coop. de Credit V.","address":{"street":"AV JOAN CARLES I, 18","postalCode":"12580","city":"BENICARLO","country":"ES"}},"3165":{"bic":"CCRIES2A165","name":"Caja Rural San Isidro de Vilafames S. Coop. de Crédito V.","address":{"street":"AV DE BARCELÓ, 6","postalCode":"12192","city":"VILAFAMES","country":"ES"}},"3166":{"bic":"BCOEESMM166","name":"Caixa Rural Les Coves de Vinromá, S. Coop. de Crédit V.","address":{"street":"CL SAN ANTONIO, 27","postalCode":"12185","city":"LES COVES DE VINROMA","country":"ES"}},"3174":{"bic":"BCOEESMM174","name":"Caixa Rural Vinarós, S. Coop. de Credit. V.","address":{"street":"CL SAN CRISTÓBAL, 19","postalCode":"12500","city":"VINAROS","country":"ES"}},"3179":{"bic":"CCRIES2A179","name":"Caja Rural de Alginet, Sociedad Cooperativa Crédito Valenciana","address":{"street":"CL VALENCIA 13","postalCode":"46230","city":"ALGINET","country":"ES"}},"3183":{"bic":"CASDESBB","name":"Arquia Bank, S.A.","address":{"street":"Cl Barquillo, 6","postalCode":"28004","city":"Madrid","country":"ES"}},"3187":{"bic":"BCOEESMM187","name":"Caja Rural del Sur, S. Coop. de Crédito","address":{"street":"Cl Murillo 2","postalCode":"41001","city":"Sevilla","country":"ES"}},"3190":{"bic":"BCOEESMM190","name":"Caja Rural de Albacete, Ciudad Real y Cuenca, Sociedad Cooperativa de Crédito","address":{"street":"Cl Tesifonte Gallego, 18","postalCode":"02002","city":"Albacete","country":"ES"}},"3191":{"bic":"BCOEESMM191","name":"Caja Rural de Aragón, Sociedad Cooperativa de Crédito","address":{"street":"CI Coso 29","postalCode":"50003","city":"Zaragoza","country":"ES"}},"0239":{"bic":"EVOBESMMXXX","name":"Evo Banco S.A.","address":{"street":"Cl Serrano, 45","postalCode":"28001","city":"Madrid","country":"ES"}},"0240":{"bic":"BCCAESMMXXX","name":"Banco de Crédito Social Cooperativo","address":{"street":"Pº Castellana, 87","postalCode":"28046","city":"Madrid","country":"ES"}},"0241":{"bic":"AYGBESMMXXX","name":"A&G BANCO, S.A.","address":{"street":"Paseo de la Castellana, 92","postalCode":"28046","city":"Madrid","country":"ES"}},"0003":{"bic":"BDEPESM1","name":"Banco de Depósitos, S.A.","address":{"street":"Cl José Ortega y Gasset, 29","postalCode":"28006","city":"Madrid","country":"ES"}},"0011":{"bic":"ALLFESMM","name":"Allfunds Bank, S.A.","address":{"street":"Cl Padres Dominicos, 7","postalCode":"28050","city":"Madrid","country":"ES"}},"0019":{"bic":"DEUTESBBASS","name":"Deutsche Bank, Sociedad Anónima Española","address":{"street":"Ps de la Castellana, 18","postalCode":"28046","city":"Madrid","country":"ES"}},"0036":{"bic":"SABNESMMSSS","name":"Santander Investment, S.A.","address":{"street":"AV DE CANTABRIA, SN","postalCode":"28660","city":"BOADILLA DEL MONTE","country":"ES"}},"0038":{"bic":"BSSSESM2","name":"CACEIS Bank Spain, S.A.","address":{"street":"PQ.EMPRESARIAL LA FINCA-P.CLUB DEPORTIVO","postalCode":"28223","city":"POZUELO DE ALARCON","country":"ES"}},"0049":{"bic":"BSCHESMM","name":"Banco Santander, S.A.","address":{"street":"Ps de Pereda, 9-12","postalCode":"39004","city":"Santander","country":"ES"}},"A79192258":{"bic":"CRESESM2XXX","name":"Credit Suisse Bank (Europe), S.A.","address":{"street":"CL AYALA, 42 - 3º B","postalCode":"28001","city":"MADRID","country":"ES"}},"0061":{"bic":"BMARES2M","name":"Banca March, S.A.","address":{"street":"AV DE ALEJANDRO ROSELLÓ, 8","postalCode":"07002","city":"PALMA","country":"ES"}},"0073":{"bic":"OPENESMM","name":"Open Bank, S.A.","address":{"street":"PLAZA DE SANTA BARBARA, 2","postalCode":"28004","city":"Madrid","country":"ES"}},"0078":{"bic":"BAPUES22","name":"Banca Pueyo, S.A.","address":{"street":"CL SANTA MARÍA DE GUADALUPE, 2","postalCode":"06700","city":"VILLANUEVA DE LA SERENA","country":"ES"}},"0081":{"bic":"BSABESBB","name":"Banco de Sabadell, S.A.","address":{"street":"Av. Óscar Esplá, 30","postalCode":"03007","city":"Alicante","country":"ES"}},"0083":{"bic":"RENBESMM","name":"Renta 4 Banco, S.A.","address":{"street":"Ps de la Habana, 74","postalCode":"28036","city":"Madrid","country":"ES"}},"0091":{"bic":"ALACESM1","name":"Banco de Albacete, S.A.","address":{"street":"AV DE CANTABRIA, SN","postalCode":"28660","city":"BOADILLA DEL MONTE","country":"ES"}},"0108":{"bic":"SOGEESMMAGM","name":"Société Genérale, Sucursal en España","address":{"street":"Pz Pablo Ruiz Picasso, 1","postalCode":"28020","city":"Madrid","country":"ES"}},"0121":{"bic":"OCBAESM1","name":"Banco Occidental, S.A.","address":{"street":"Cl Azul, 4","postalCode":"28050","city":"Madrid","country":"ES"}},"0125":{"bic":"BAOFESM1","name":"Bancofar, S.A.","address":{"street":"Cl Almagro, 8","postalCode":"28010","city":"Madrid","country":"ES"}},"0128":{"bic":"BKBKESMM","name":"Bankinter, S.A.","address":{"street":"Ps de la Castellana 29","postalCode":"28046","city":"Madrid","country":"ES"}},"0131":{"bic":"BESMESMM","name":"Novo Banco, S.A., Sucursal en España","address":{"street":"CL PRÍNCIPE DE VERGARA, 110","postalCode":"28002","city":"MADRID","country":"ES"}},"0136":{"bic":"AREBESMM","name":"Aresbank, S.A.","address":{"street":"Ps de la Castellana, 257","postalCode":"28046","city":"Madrid","country":"ES"}},"0145":{"bic":"DEUTESM1","name":"Deutsche Bank, A.G., Sucursal en España","address":{"street":"Ps de la Castellana, 18","postalCode":"28046","city":"Madrid","country":"ES"}},"0149":{"bic":"BNPAESMH","name":"BNP Paribas S.A., Sucursal en España","address":{"street":"Cl Emilio Vargas, 4","postalCode":"28043","city":"Madrid","country":"ES"}},"0151":{"bic":"CHASESM3","name":"JPMorgan Chase Bank National Association, Sucursal en España","address":{"street":"Ps Castellana, 31","postalCode":"28045","city":"Madrid","country":"ES"}},"0152":{"bic":"BPLCESMM","name":"Barclays Bank Ireland PLC, Sucursal en España","address":{"street":"Cl José Abascal, 51","postalCode":"28003","city":"Madrid","country":"ES"}},"0154":{"bic":"BSUIESMM","name":"Crédit Agricole Corporate and Investment Bank, Sucursal en España","address":{"street":"Ps de la Castellana , 1","postalCode":"28046","city":"Madrid","country":"ES"}},"0159":{"bic":"COBAESMXTMA","name":"Commerzbank Aktiengesellschaft, Sucursal en España","address":{"street":"Ps de la Castellana 259, pl 32","postalCode":"28046","city":"Madrid","country":"ES"}},"0160":{"bic":"BOTKESMX","name":"MUFG Bank (Europe) N.V., Sucursal en España","address":{"street":"Cl José Ortega y Gasset, 29","postalCode":"28006","city":"Madrid","country":"ES"}},"0162":{"bic":"MIDLESMX","name":"HSBC Continental Europe, Sucursal en España","address":{"street":"Pz Pablo Ruiz Picasso sn Pl.33. Torre Picasso","postalCode":"28020","city":"Madrid","country":"ES"}},"0167":{"bic":"GEBAESMMBIL","name":"BNP Paribas Fortis, S.A., N.V., Sucursal en España","address":{"street":"Cl Emilio Vargas, 4","postalCode":"28043","city":"Madrid","country":"ES"}},"0169":{"bic":"NACNESMM","name":"Banco de la Nación Argentina, Sucursal en España","address":{"street":"Cl Núñez de Balboa, 73","postalCode":"28001","city":"Madrid","country":"ES"}},"0182":{"bic":"BBVAESMM","name":"Banco Bilbao Vizcaya Argentaria, S.A.","address":{"street":"Pz de San Nicolás, 4","postalCode":"48005","city":"Bilbao","country":"ES"}},"0184":{"bic":"BEDFESM1","name":"Banco Europeo de Finanzas, S.A.","address":{"street":"Cl Bolsa, 4","postalCode":"29015","city":"Málaga","country":"ES"}},"0186":{"bic":"BFIVESBB","name":"Banco Mediolanum, S.A.","address":{"street":"Cl Roger de Lauria, 19","postalCode":"46002","city":"Valencia","country":"ES"}},"0188":{"bic":"ALCLESMM","name":"Banco Alcalá, S.A.","address":{"street":"Cl José Ortega y Gasset, 7","postalCode":"28006","city":"Madrid","country":"ES"}},"0198":{"bic":"BCOEESMM","name":"Banco Cooperativo Español, S.A.","address":{"street":"Cl Virgen de los Peligros, 4","postalCode":"28013","city":"Madrid","country":"ES"}},"0200":{"bic":"PRVBESB1","name":"Wealthprivat Bank, S.A.","address":{"street":"PS DE LA CASTELLANA, 55","postalCode":"28046","city":"MADRID","country":"ES"}},"0211":{"bic":"PROAESMM","name":"EBN Banco de Negocios, S.A.","address":{"street":"Ps de Recoletos, 29","postalCode":"28004","city":"Madrid","country":"ES"}},"0216":{"bic":"CMCIESMM","name":"Targobank, S.A.","address":{"street":"Cl Ramírez de Arellano, 29","postalCode":"28043","city":"Madrid","country":"ES"}},"0218":{"bic":"FCEFESM1","name":"FCE Bank Plc Sucursal en España","address":{"street":"CL CALÉNDULA, 13","postalCode":"28109","city":"ALCOBENDAS","country":"ES"}},"0219":{"bic":"BMCEESMM","name":"Bank of Africa Europe, S.A.","address":{"street":"Cl Serrano, 59","postalCode":"28006","city":"Madrid","country":"ES"}},"0220":{"bic":"FIOFESM1","name":"BANCO FINANTIA, S.A., SUCURSAL EN ESPAÑA","address":{"street":"AV MENÉNDEZ PELAYO, 67","postalCode":"28009","city":"MADRID","country":"ES"}},"0224":{"bic":"SCFBESMM","name":"Santander Consumer Finance, S.A.","address":{"street":"Av de Cantabria, sn","postalCode":"28660","city":"Boadilla del Monte","country":"ES"}},"0225":{"bic":"FIEIESM1","name":"Banco Cetelem, S.A.","address":{"street":"PASEO DE LOS MELANCÓLICOS, 14","postalCode":"28005","city":"Madrid","country":"ES"}},"0226":{"bic":"UBSWESMMNPB","name":"UBS Europe SE, Sucursal en España","address":{"street":"Cl María de Molina, 4","postalCode":"28006","city":"Madrid","country":"ES"}},"0229":{"bic":"POPLESMM","name":"Wizink Bank, S.A.","address":{"street":"Cl Ulises, 16-18","postalCode":"28043","city":"Madrid","country":"ES"}},"0232":{"bic":"INVLESMM","name":"Banco Inversis, S.A.","address":{"street":"Av de la Hispanidad, 6","postalCode":"28042","city":"Madrid","country":"ES"}},"0234":{"bic":"CCOCESMM","name":"Banco Caminos, S.A.","address":{"street":"Cl Almagro, 8","postalCode":"28010","city":"Madrid","country":"ES"}},"0235":{"bic":"PICHESMM","name":"Banco Pichincha España, S.A..","address":{"street":"Cl Lagasca, 4","postalCode":"28001","city":"Madrid","country":"ES"}},"0237":{"bic":"CSURES2C","name":"Cajasur Banco, S.A.","address":{"street":"AV. GRAN CAPITÁN, 11-13","postalCode":"14008","city":"CÓRDOBA","country":"ES"}}}
