{"10107":{"bic":"BREDFRPPXXX","name":"BRED - Banque populaire","address":{"street":"18 QUAI DE LA RAPEE","postalCode":"75012","city":"PARIS 12","country":"FR"}},"10128":{"bic":"BCITFRPPXXX","name":"Intesa Sanpaolo SpA","address":{"street":"62 RUE DE RICHELIEU","postalCode":"75002","city":"PARIS 02","country":"FR"}},"10140":{"bic":"CCMRFR21XXX","name":"Caisse de crédit municipal de Marseille","address":{"street":"16 RUE VILLENEUVE","postalCode":"13232","city":"MARSEILLE CEDEX 1","country":"FR"}},"10188":{"bic":"BCHAFR21XXX","name":"Banque Chalus","address":{"street":"5 PLACE DE JAUDE","postalCode":"63002","city":"CLERMONT-FERRAND","country":"FR"}},"10206":{"bic":"AGRIFRCC802","name":"Caisse régionale de crédit agricole mutuel du Nord Est","address":{"street":"25 RUE LIBERGIER","postalCode":"51088","city":"REIMS CEDEX","country":"FR"}},"10207":{"bic":"CCBPFRPPMTG","name":"Banque populaire Rives de Paris","address":{"street":"80 BOULEVARD AUGUSTE BLANQUI","postalCode":"75013","city":"PARIS 13","country":"FR"}},"10218":{"bic":"RABOFRPPXXX","name":"Coöperatieve Rabobank U.A.","address":{"street":"69 BOULEVARD HAUSSMANN","postalCode":"75008","city":"PARIS","country":"FR"}},"10228":{"bic":"LAYDFR2WXXX","name":"Banque Laydernier","address":{"street":"10 AVENUE DU RHONE","postalCode":"74000","city":"ANNECY","country":"FR"}},"10268":{"bic":"COURFR2TXXX","name":"Banque Courtois - successeurs de l'ancienne maison Courtois et Cie depuis 1760","address":{"street":"33 RUE DE REMUSAT","postalCode":"31000","city":"TOULOUSE","country":"FR"}},"10278":{"bic":"CMCIFRCPCEE","name":"Caisse fédérale de crédit mutuel","address":{"street":"4 RUE FREDERIC","postalCode":"67100","city":"STRASBOURG","country":"FR"}},"10468":{"bic":"RALPFR2GXXX","name":"Banque Rhône-Alpes - Groupe Crédit du Nord","address":{"street":"20 BOULEVARD EDOUARD REY","postalCode":"38000","city":"GRENOBLE","country":"FR"}},"10548":{"bic":"BSAVFR2CXXX","name":"Banque de Savoie","address":{"street":"6 BOULEVARD DU THÉÂTRE","postalCode":"73024","city":"CHAMBERY CEDEX","country":"FR"}},"10558":{"bic":"TARNFR2LXXX","name":"Banque Tarneaud","address":{"street":"2 RUE TURGOT","postalCode":"87000","city":"LIMOGES","country":"FR"}},"10807":{"bic":"CCBPFRPPDJN","name":"Banque populaire Bourgogne Franche-Comté","address":{"street":"14 BD DE LA TRÉMOUILLE","postalCode":"21008","city":"DIJON CEDEX","country":"FR"}},"10907":{"bic":"CCBPFRPPBDX","name":"Banque populaire Aquitaine Centre Atlantique","address":{"street":"10 QUAI DES QUEYRIES","postalCode":"33100","city":"BORDEAUX","country":"FR"}},"10918":{"bic":"CHDUFRPPXXX","name":"Cholet Dupont Oudart","address":{"street":"16 PLACE DE LA MADELEINE","postalCode":"75008","city":"PARIS 08","country":"FR"}},"11006":{"bic":"AGRIFRCC810","name":"Caisse régionale de crédit agricole mutuel de Champagne-Bourgogne","address":{"street":"269 FAUBOURG CRONCELS","postalCode":"10080","city":"TROYES CEDEX","country":"FR"}},"11188":{"bic":"RCINFRPPXXX","name":"RCI Banque","address":{"street":"15 RUE D UZES","postalCode":"75002","city":"PARIS","country":"FR"}},"11206":{"bic":"AGRIFRCC812","name":"Caisse régionale de crédit agricole mutuel Nord Midi-Pyrénées","address":{"street":"219 AVENUE FRANÇOIS VERDIER","postalCode":"81022","city":"ALBI CEDEX 9","country":"FR"}},"11238":{"bic":"SWILFRP1XXX","name":"SwissLife banque privée","address":{"street":"7 PLACE VENDOME","postalCode":"75001","city":"PARIS 01","country":"FR"}},"11306":{"bic":"AGRIFRCC813","name":"Caisse régionale de crédit agricole mutuel Alpes Provence","address":{"street":"25 CHEMIN DES TROIS CYPRÈS","postalCode":"13097","city":"AIX EN PROVENCE Cedex2","country":"FR"}},"11307":{"bic":"CCBPFRPPCAS","name":"CASDEN Banque Populaire","address":{"street":"91 COURS DES ROCHES","postalCode":"77420","city":"CHAMPS SUR MARNE","country":"FR"}},"11438":{"bic":"HRFRFRP1BDF","name":"Banque Hottinguer","address":{"street":"63 RUE DE LA VICTOIRE","postalCode":"75009","city":"PARIS 09","country":"FR"}},"11449":{"bic":"BDEIFRPPXXX","name":"BANQUE FIDUCIAL","address":{"street":"41 RUE DU CAPITAINE GUYNEMER","postalCode":"92400","city":"COURBEVOIE","country":"FR"}},"11668":{"bic":"BERLMCMCXXX","name":"Edmond de Rothschild (Monaco)","address":{"street":"Carlo Les Terrasses 2 avenue de Monte","postalCode":"98006","city":"MONACO CEDEX","country":"FR"}},"11689":{"bic":"CITIFRPPSEC","name":"CITIBANK EUROPE PUBLIC LIMITED COMPANY","address":{"street":"Etoile Saint Honoré, 21-25 Rue Balzac","postalCode":"75008","city":"PARIS","country":"FR"}},"11706":{"bic":"AGRIFRCC817","name":"Caisse régionale de crédit agricole mutuel Charente-Maritime Deux-Sèvres","address":{"street":"14 RUE LOUIS TARDY","postalCode":"17140","city":"LAGORD","country":"FR"}},"11833":{"bic":"ICBKFRPPXXX","name":"Industrial and commercial bank of China (Europe) SA - ICBC (Europe) SA","address":{"street":"73 BOULEVARD HAUSSMANN","postalCode":"75008","city":"PARIS 08","country":"FR"}},"11978":{"bic":"CMCIFRP1FAC","name":"Crédit Mutuel Factoring","address":{"street":"TOUR KUPKA A 18 RUE HOCHE","postalCode":"92980","city":"PARIS LA DEFENSE CEDEX","country":"FR"}},"11999":{"bic":"UBSWMCMXXXX","name":"Ubs (monaco) s.a.","address":{"street":"2 avenue de Grande Bretagne","postalCode":"98007","city":"MONACO CEDEX","country":"FR"}},"12006":{"bic":"AGRIFRCC820","name":"Caisse régionale de crédit agricole mutuel de la Corse","address":{"street":"1 AVENUE NAPOLÉON III","postalCode":"20193","city":"AJACCIO CEDEX","country":"FR"}},"12179":{"bic":"BIARFRPPXXX","name":"Banque BIA","address":{"street":"67 AVENUE FRANKLIN DELANO ROOSEVELT","postalCode":"75008","city":"PARIS 08","country":"FR"}},"12206":{"bic":"AGRIFRCC822","name":"Caisse régionale de crédit agricole mutuel des Côtes-d'Armor","address":{"street":"LA CROIX TUAL","postalCode":"22440","city":"PLOUFRAGAN","country":"FR"}},"12240":{"bic":"AGFBFRCCXXX","name":"Allianz banque","address":{"street":"TOUR ALLIANZ ONE 1 COURS MICHELET","postalCode":"92076","city":"Paris La défense Cedex","country":"FR"}},"12249":{"bic":"BMCEFRPPXXX","name":"BMCE BANK INTERNATIONAL PLC - PARIS BRANCH","address":{"street":"6 rue Cambacérès","postalCode":"75008","city":"PARIS","country":"FR"}},"12280":{"bic":"SORMFR2NXXX","name":"Socram banque","address":{"street":"2 RUE DU 24 FÉVRIER","postalCode":"79092","city":"NIORT CEDEX 9","country":"FR"}},"12406":{"bic":"AGRIFRCC824","name":"Caisse régionale de crédit agricole mutuel Charente-Périgord (Crédit agricole  Charente-Périgord)","address":{"street":"RUE D'EPAGNAC","postalCode":"16800","city":"SOYAUX","country":"FR"}},"12448":{"bic":"BAECMCMXXXX","name":"Barclays bank plc monaco","address":{"street":"31 avenue de la costa","postalCode":"98000","city":"Monaco","country":"FR"}},"12468":{"bic":"BCGEFR21XXX","name":"Banque cantonale de Genève (France) S.A.","address":{"street":"20 PLACE LOUIS PRADEL","postalCode":"69001","city":"LYON 01","country":"FR"}},"12506":{"bic":"AGRIFRCC825","name":"Caisse régionale de crédit agricole mutuel de Franche-Comté","address":{"street":"11 AVENUE ELISÉE CUSENIER","postalCode":"25084","city":"BESANCON CEDEX 9","country":"FR"}},"12548":{"bic":"AXABFRPPXXX","name":"Axa banque","address":{"street":"203-205 RUE CARNOT","postalCode":"94138","city":"FONTENAY-SOUS-BOIS CEDEX","country":"FR"}},"12583":{"bic":"BOFAFRP3XXX","name":"BofA Securities Europe SA","address":{"street":"51 RUE LA BOETIE","postalCode":"75008","city":"Paris","country":"FR"}},"12619":{"bic":"CGDIFRPPXXX","name":"Caixa geral de depositos S.A.","address":{"street":"38 RUE DE PROVENCE","postalCode":"75009","city":"PARIS 09","country":"FR"}},"12739":{"bic":"CFMOMCMXXXX","name":"CFM Indosuez Wealth","address":{"street":"11 boulevard albert 1er","postalCode":"98012","city":"Monaco cedex","country":"FR"}},"12869":{"bic":"BACCFR22XXX","name":"ONEY BANK","address":{"street":"40 AVENUE DE FLANDRE","postalCode":"59964","city":"CROIX CEDEX","country":"FR"}},"12879":{"bic":"DELUFR22LCH","name":"Banque Delubac et Cie","address":{"street":"16 PLACE SALEON TERRAS","postalCode":"07160","city":"LE CHEYLARD","country":"FR"}},"12906":{"bic":"AGRIFRCC829","name":"Caisse régionale de crédit agricole mutuel du Finistère","address":{"street":"7 ROUTE DU LOCH","postalCode":"29555","city":"QUIMPER CEDEX 9","country":"FR"}},"13106":{"bic":"AGRIFRCC831","name":"Caisse régionale de crédit agricole mutuel Toulouse 31","address":{"street":"6-7 PLACE JEANNE D'ARC","postalCode":"31005","city":"TOULOUSE CEDEX 6","country":"FR"}},"13149":{"bic":"EDELFRP1001","name":"Banque Edel SNC","address":{"street":"60 RUE BUISSONNIÈRE","postalCode":"31676","city":"LABEGE CEDEX","country":"FR"}},"13168":{"bic":"PSABFRPPXXX","name":"Banque PSA finance","address":{"street":"2 BOULEVARD DE L EUROPE","postalCode":"78300","city":"POISSY","country":"FR"}},"13259":{"bic":"KOLBFR21XXX","name":"Banque Kolb","address":{"street":"1-3 PLACE DU GÉNÉRAL DE GAULLE","postalCode":"88500","city":"MIRECOURT","country":"FR"}},"13306":{"bic":"AGRIFRCC833","name":"Caisse régionale de crédit agricole mutuel d'Aquitaine","address":{"street":"106 QUAI DE BACALAN BP 41272","postalCode":"33076","city":"BORDEAUX CEDEX","country":"FR"}},"13338":{"bic":"KBLXMCMCXXX","name":"BANQUE RICHELIEU MONACO","address":{"street":"8 AVENUE DE GRANDE BRETAGNE","postalCode":"98005","city":"MONACO CEDEX","country":"FR"}},"13368":{"bic":"SGBTMCMCXXX","name":"Société générale private banking (Monaco)","address":{"street":"11 AVENUE DE GRANDE BRETAGNE BP 250","postalCode":"98007","city":"MONACO","country":"FR"}},"13369":{"bic":"BMMMFRCPXXX","name":"Rothschild Martin Maurel","address":{"street":"29 AVENUE DE MESSINE","postalCode":"75008","city":"PARIS 08","country":"FR"}},"13489":{"bic":"BNUGFR21XXX","name":"Banque Nuger","address":{"street":"5 PLACE MICHEL DE L'HOSPITAL","postalCode":"63002","city":"CLERMONT-FERRAND CEDEX","country":"FR"}},"13506":{"bic":"AGRIFRCC835","name":"Caisse régionale de crédit agricole mutuel du Languedoc","address":{"street":"AVENUE DE MONPELLIÉRET - MAURIN","postalCode":"34977","city":"LATTES CEDEX","country":"FR"}},"13507":{"bic":"CCBPFRPPLIL","name":"Banque populaire du Nord","address":{"street":"847 AVENUE DE LA REPUBLIQUE","postalCode":"59700","city":"MARCQ EN BAROEUL","country":"FR"}},"13528":{"bic":"UNCRFRPPXXX","name":"Unicredit SpA","address":{"street":"117 AVENUE DES CHAMPS ELYSEES","postalCode":"75008","city":"PARIS 08","country":"FR"}},"13558":{"bic":"AUXPFR21XXX","name":"Auxifip","address":{"street":"12 PLACE DES ETATS-UNIS","postalCode":"92548","city":"MONTROUGE CEDEX","country":"FR"}},"13579":{"bic":"BSAOFR21XXX","name":"Banque Saint-Olive","address":{"street":"84 RUE DU GUESCLIN","postalCode":"69006","city":"LYON 06","country":"FR"}},"13606":{"bic":"AGRIFRCC836","name":"Caisse régionale de crédit agricole mutuel d'Ille-et-Vilaine","address":{"street":"4 RUE LOUIS BRAILLE","postalCode":"35136","city":"ST JACQUES DE LA LANDE","country":"FR"}},"13698":{"bic":"ESFTFR21XXX","name":"Ester finance technologies","address":{"street":"12 PLACE DES ETATS UNIS BP 70052","postalCode":"92547","city":"MONTROUGE","country":"FR"}},"13807":{"bic":"CCBPFRPPNAN","name":"Banque populaire Grand Ouest","address":{"street":"15 BOULEVARD DE LA BOUTIERE","postalCode":"35760","city":"SAINT GREGOIRE","country":"FR"}},"13906":{"bic":"AGRIFRCC839","name":"Caisse régionale de crédit agricole mutuel Sud Rhône-Alpes","address":{"street":"12 PLACE DE LA RESISTANCE","postalCode":"38000","city":"GRENOBLE","country":"FR"}},"14006":{"bic":"AGRIGPGXXXX","name":"Caisse régionale de crédit agricole mutuel de la Guadeloupe","address":{"street":"PETIT PÉROU","postalCode":"97176","city":"ABYMES CEDEX","country":"FR"}},"14120":{"bic":"LEGRFRP1XXX","name":"GRESHAM Banque","address":{"street":"20 RUE DE LA BAUME","postalCode":"75008","city":"PARIS","country":"FR"}},"14139":{"bic":"NBPAFRPPXXX","name":"National bank of Pakistan","address":{"street":"25 RUE JEAN GIRAUDOUX","postalCode":"75116","city":"PARIS 16","country":"FR"}},"14388":{"bic":"DXMAFRCCXXX","name":"Caisse Française de Financement Local","address":{"street":"1 PASSERELLE DES REFLETS","postalCode":"92130","city":"ISSY-LES-MOULINEAUX","country":"FR"}},"14406":{"bic":"AGRIFRCC844","name":"Caisse régionale de crédit agricole mutuel Val de France","address":{"street":"1 RUE DANIEL BOUTET","postalCode":"28023","city":"CHARTRES CEDEX","country":"FR"}},"14506":{"bic":"AGRIFRCC845","name":"Caisse régionale de crédit agricole mutuel Loire Haute-Loire","address":{"street":"94 RUE BERGSON","postalCode":"42007","city":"ST ETIENNE Cedex 1","country":"FR"}},"14508":{"bic":"BAERMCMCXXX","name":"Bank Julius Baer (Monaco) S.A.M.","address":{"street":"12 BOULEVARD DES MOULINS","postalCode":"98000","city":"Monaco","country":"FR"}},"14568":{"bic":"HANDFRPPXXX","name":"Svenska Handelsbanken AB","address":{"street":"7 RUE DROUOT","postalCode":"75009","city":"PARIS 09","country":"FR"}},"14607":{"bic":"CCBPFRPPMAR","name":"BANQUE POPULAIRE MEDITERRANEE","address":{"street":"457 PROMENADE DES ANGLAIS","postalCode":"06200","city":"Nice","country":"FR"}},"14628":{"bic":"GRCSFRP1XXX","name":"FLOA","address":{"street":"IMMEUBLE G7 71 RUE LUCIEN FAURE","postalCode":"33300","city":"BORDEAUX","country":"FR"}},"14690":{"bic":"MONNFR21XXX","name":"Monabanq.","address":{"street":"PARC DE LA HAUTE BORNE 61 AVENUE HALLEY","postalCode":"59650","city":"VILLENEUVE D ASCQ","country":"FR"}},"14706":{"bic":"AGRIFRCC847","name":"Caisse régionale de crédit agricole mutuel Atlantique Vendée","address":{"street":"LA GARDE ROUTE DE PARIS","postalCode":"44949","city":"NANTES CEDEX9","country":"FR"}},"14707":{"bic":"CCBPFRPPMTZ","name":"Banque populaire Alsace Lorraine Champagne","address":{"street":"3 RUE FRANÇOIS DE CUREL","postalCode":"57021","city":"METZ CEDEX 1","country":"FR"}},"14806":{"bic":"AGRIFRCC848","name":"Caisse régionale de crédit agricole mutuel Centre Loire","address":{"street":"8 ALLEE DES COLLEGES","postalCode":"18000","city":"BOURGES","country":"FR"}},"14879":{"bic":"BKIDFRPPXXX","name":"Bank of India","address":{"street":"4 RUE HALEVY","postalCode":"75009","city":"PARIS 09","country":"FR"}},"14908":{"bic":"POSOMCM1XXX","name":"Banca popolare di Sondrio (Suisse)","address":{"street":"3 rue Princesse Florestine","postalCode":"98011","city":"MONACO CEDEX","country":"FR"}},"14940":{"bic":"CFFIFR2LXXX","name":"Cofidis","address":{"street":"PARC DE LA HAUTE BORNE 61 AVENUE HALLEY","postalCode":"59866","city":"VILLENEUVE D'ASCQ CEDEX","country":"FR"}},"14989":{"bic":"KOEXFRPPXXX","name":"KEB Hana Bank","address":{"street":"38 AVENUE DES CHAMPS ELYSEES","postalCode":"75008","city":"PARIS 08","country":"FR"}},"15068":{"bic":"PICTFRPPXXX","name":"Pictet & Cie (Europe) SA","address":{"street":"34 AVENUE DE MESSINE","postalCode":"75008","city":"PARIS 08","country":"FR"}},"15128":{"bic":"VOWAFR21XXX","name":"Volkswagen bank GmbH","address":{"street":"Paris Nord 22 avenue des Nations Paris Nor Parc d'affaires Silic,Bat.Rostan","postalCode":"93420","city":"VILLEPINTE","country":"FR"}},"15208":{"bic":"CRMPFRP1XXX","name":"Crédit municipal de Paris","address":{"street":"55 RUE DES FRANCS-BOURGEOIS","postalCode":"75181","city":"PARIS CEDEX 04","country":"FR"}},"15250":{"bic":"SMBCFRPPGEB","name":"SMBC Bank International plc","address":{"street":"1 -3-5 RUE PAUL CÈZANNE","postalCode":"75008","city":"PARIS 08","country":"FR"}},"15298":{"bic":"DISFFRPPXXX","name":"RBC Investor services bank France SA","address":{"street":"6 RUE MENARS","postalCode":"75002","city":"PARIS 02","country":"FR"}},"15448":{"bic":"CNFSFR21XXX","name":"IC Financial services","address":{"street":"BP 136","postalCode":"91153","city":"ETAMPES CEDEX","country":"FR"}},"15519":{"bic":"CMCIFR2ACMO","name":"Caisse fédérale du crédit mutuel Océan","address":{"street":"34 RUE LÉANDRE MERLET","postalCode":"85001","city":"LA ROCHE-SUR-YON CEDEX 27","country":"FR"}},"15638":{"bic":"BACAMCMCXXX","name":"Andbank Monaco S.A.M.","address":{"street":"1 avenue des Citronniers","postalCode":"98000","city":"MONACO","country":"FR"}},"15668":{"bic":"BNPAFRPLXXX","name":"BNP Paribas home loan SFH","address":{"street":"1 BOULEVARD HAUSSMANN","postalCode":"75009","city":"PARIS 09","country":"FR"}},"15818":{"bic":"BIKCFRP1XXX","name":"Binckbank NV","address":{"street":"102 RUE VICTOR HUGO","postalCode":"92300","city":"LEVALLOIS PERRET","country":"FR"}},"15968":{"bic":"GSCFFR22XXX","name":"Société Générale SCF","address":{"street":"TOUR SOCIETE GENERALE 17 COURS VALMY","postalCode":"92800","city":"PUTEAUX","country":"FR"}},"16006":{"bic":"AGRIFRCC860","name":"Caisse régionale de crédit agricole mutuel du Morbihan","address":{"street":"AVENUE DE KERANGUEN","postalCode":"56956","city":"VANNES CEDEX 9","country":"FR"}},"16038":{"bic":"DXPBMCMXXXX","name":"BANQUE HAVILLAND (MONACO) S.A.M.","address":{"street":"32/34 bd Princesse Charlotte 3/9 bd des moulins et","postalCode":"98000","city":"MONACO","country":"FR"}},"16048":{"bic":"ECOCFRPPXXX","name":"Ebi SA","address":{"street":"IMMEUBLE CONCORDE F","postalCode":"92057","city":"PARIS LA DEFENSE CEDEX","country":"FR"}},"16106":{"bic":"AGRIFRCC861","name":"Caisse régionale de crédit agricole mutuel de Lorraine","address":{"street":"CS 71700","postalCode":"54017","city":"NANCY CEDEX","country":"FR"}},"16158":{"bic":"BGFIFRPPXXX","name":"BGFIBANK EUROPE","address":{"street":"10 RUE DU GENERAL FOY","postalCode":"75008","city":"PARIS 08","country":"FR"}},"16168":{"bic":"AFRIFRPPXXX","name":"BOA France","address":{"street":"20 RUE DE SAINT PETERSBOURG","postalCode":"75008","city":"PARIS 08","country":"FR"}},"16170":{"bic":"CMUBFR21XXX","name":"Caisse de crédit municipal de Boulogne-sur-Mer","address":{"street":"2 PLACE JEAN FEBVAY","postalCode":"62201","city":"BOULOGNE-SUR-MER","country":"FR"}},"16188":{"bic":"BPCEFRPPXXX","name":"BPCE","address":{"street":"50 AVENUE PIERRE MENDES FRANCE","postalCode":"75013","city":"PARIS 13","country":"FR"}},"16218":{"bic":"BFOBFRP1XXX","name":"Bforbank","address":{"street":"TOUR EUROPLAZA - LA DÉFENSE 4 20 AVENUE ANDRÉ PROTHIN","postalCode":"92927","city":"PARIS LA DEFENSE CEDEX","country":"FR"}},"16318":{"bic":"AXABFR21XXX","name":"AXA BANK EUROPE SCF","address":{"street":"203/205 RUE CARNOT","postalCode":"94138","city":"FONTENAY SOUS BOIS CEDEX","country":"FR"}},"16438":{"bic":"BPCEFRPPSFH","name":"BPCE SFH","address":{"street":"50 AVENUE PIERRE MENDES FRANCE","postalCode":"75013","city":"PARIS 13","country":"FR"}},"16560":{"bic":"CCMOFR21XXX","name":"Caisse de crédit municipal de Bordeaux","address":{"street":"29 RUE DU MIRAIL BP 91225","postalCode":"33074","city":"BORDEAUX CEDEX","country":"FR"}},"16588":{"bic":"SFILFRPPXXX","name":"SFIL S.A.","address":{"street":"1-3 RUE DU PASSEUR DE BOULOGNE","postalCode":"92861","city":"ISSY LES MOULINEAUX CEDEX 9","country":"FR"}},"16606":{"bic":"AGRIFRCC866","name":"Caisse régionale de crédit agricole mutuel de Normandie","address":{"street":"15 ESPL. BRILLAUD DE LAUJARDIÈRE","postalCode":"14050","city":"CAEN CEDEX","country":"FR"}},"16607":{"bic":"CCBPFRPPPPG","name":"Banque populaire du Sud","address":{"street":"38 BOULEVARD GEORGES CLÉMENCEAU","postalCode":"66966","city":"PERPIGNAN CEDEX 09","country":"FR"}},"16648":{"bic":"UBPGMCMXT2S","name":"UNION BANCAIRE PRIVEE, UBP SA","address":{"street":"11 bld des Moulins (MONTE CARLO)","postalCode":"98000","city":"MONACO","country":"FR"}},"16668":{"bic":"ANZBFRPPXXX","name":"Australia and New Zealand banking group limited","address":{"street":"6 RUE LAMENNAIS","postalCode":"75008","city":"PARIS","country":"FR"}},"16688":{"bic":"AGFOFR21XXX","name":"AGENCE FRANCE LOCALE","address":{"street":"TOUR OXYGENE, 10 BOULEVARD MARIUS VIVIER MERLE","postalCode":"69003","city":"LYON","country":"FR"}},"16706":{"bic":"AGRIFRCC867","name":"Caisse régionale de crédit agricole mutuel Nord de France","address":{"street":"10 AVENUE FOCH","postalCode":"59020","city":"LILLE CEDEX","country":"FR"}},"16806":{"bic":"AGRIFRCC868","name":"Caisse régionale de crédit agricole mutuel de Centre France - Crédit agricole  Centre France (3ème du nom)","address":{"street":"3 AVENUE DE LA LIBÉRATION","postalCode":"63045","city":"CLERMONT FERRAND CEDEX1","country":"FR"}},"16807":{"bic":"CCBPFRPPGRE","name":"BANQUE POPULAIRE AUVERGNE RHONE ALPES","address":{"street":"4 BOULEVARD EUGENE DERUELLE","postalCode":"69003","city":"Lyon","country":"FR"}},"16850":{"bic":"AGRIFRP1EFG","name":"Crédit agricole leasing & factoring","address":{"street":"12 PLACE DES ETATS-UNIS","postalCode":"92548","city":"MONTROUGE CEDEX","country":"FR"}},"16906":{"bic":"AGRIFRCC869","name":"Caisse régionale de crédit agricole mutuel Pyrénées-Gascogne","address":{"street":"11 BOULEVARD PRÉSIDENT KENNEDY","postalCode":"65003","city":"TARBES CEDEX","country":"FR"}},"16989":{"bic":"CAVNFR21XXX","name":"Mobilis banque","address":{"street":"64 BOULEVARD DE CAMBRAI","postalCode":"59100","city":"ROUBAIX","country":"FR"}},"17106":{"bic":"AGRIFRCC871","name":"Caisse régionale de crédit agricole mutuel Sud-Méditerranée (Ariège et Pyrénées-Orientales)","address":{"street":"30 RUE PIERRE BRETONNEAU","postalCode":"66832","city":"PERPIGNAN CEDEX","country":"FR"}},"17128":{"bic":"BPLCFRPPXXX","name":"BARCLAYS BANK PLC, FRENCH BRANCH","address":{"street":"34/36 AVENUE DE FRIEDLAND","postalCode":"75008","city":"Paris","country":"FR"}},"17150":{"bic":"CCUTFR21XXX","name":"Caisse de crédit municipal de Toulon","address":{"street":"BÂTIMENT A PLACE DE BESAGNE","postalCode":"83000","city":"TOULON","country":"FR"}},"17206":{"bic":"AGRIFRCC872","name":"Caisse régionale de crédit agricole mutuel Alsace Vosges","address":{"street":"1 PLACE DE LA GARE","postalCode":"67008","city":"STRASBOURG","country":"FR"}},"17290":{"bic":"CLFRFRCCXXX","name":"Dexia crédit local","address":{"street":"TOUR CBX - LA DÉFENSE 2 1 PASSERELLE DES REFLETS","postalCode":"92913","city":"LA DEFENSE CEDEX","country":"FR"}},"17338":{"bic":"MEMOFRP2XXX","name":"MEMO BANK","address":{"street":"8 RUE DU FBG POISSONNIERE","postalCode":"75010","city":"PARIS","country":"FR"}},"17439":{"bic":"SODIRER1XXX","name":"SOFIDER","address":{"street":"3 RUE LABOURDONNAIS","postalCode":"97477","city":"SAINT-DENIS CEDEX","country":"FR"}},"17519":{"bic":"BACPFRPPXXX","name":"Banque centrale de compensation","address":{"street":"18 RUE DU 4 SEPTEMBRE","postalCode":"75002","city":"PARIS 02","country":"FR"}},"17569":{"bic":"CMBMMCMXXXX","name":"CMB MONACO","address":{"street":"23 avenue de la Costa","postalCode":"98007","city":"MONACO","country":"FR"}},"17599":{"bic":"BLOMFRPPBDF","name":"Banque Banorient France","address":{"street":"21 AVENUE GEORGE V","postalCode":"75008","city":"PARIS 08","country":"FR"}},"17619":{"bic":"BEMOFRPPXXX","name":"BEMO EUROPE - BANQUE PRIVEE","address":{"street":"49 avenue d'Iéna","postalCode":"75116","city":"PARIS 16","country":"FR"}},"17620":{"bic":"CCMNFR21XXX","name":"Caisse de crédit municipal de Nîmes","address":{"street":"8 BIS RUE GUIZOT","postalCode":"30013","city":"NIMES CEDEX 01","country":"FR"}},"17679":{"bic":"SEBXFRP1XXX","name":"Société de banque et d'expansion - S.B.E. (2ème du nom)","address":{"street":"22 RUE DE COURCELLES","postalCode":"75008","city":"PARIS 08","country":"FR"}},"17779":{"bic":"SBAAFRPPXXX","name":"Banque SBA","address":{"street":"68 AVENUE DES CHAMPS ELYSEES","postalCode":"75008","city":"PARIS 08","country":"FR"}},"17789":{"bic":"DEUTFRPPSEC","name":"Deutsche bank AG","address":{"street":"0 3-5 avenue de Friedland","postalCode":"75008","city":"PARIS CEDEX 08","country":"FR"}},"17799":{"bic":"SEPBFRPPXXX","name":"Bank Sepah","address":{"street":"20 RUE AUGUSTE VACQUERIE","postalCode":"75116","city":"PARIS","country":"FR"}},"17806":{"bic":"AGRIFRCC878","name":"Caisse régionale de crédit agricole mutuel Centre-Est","address":{"street":"1 RUE PIERRE TRUCHIS DE LAYS","postalCode":"69410","city":"CHAMPAGNE AU MONT D OR","country":"FR"}},"17807":{"bic":"CCBPFRPPTLS","name":"Banque populaire Occitane","address":{"street":"33 AVENUE GEORGES POMPIDOU","postalCode":"31130","city":"BALMA","country":"FR"}},"17839":{"bic":"GMACFR21XXX","name":"Opel Bank","address":{"street":"2 BOULEVARD DE L EUROPE","postalCode":"78300","city":"Poissy","country":"FR"}},"17906":{"bic":"AGRIFRCC879","name":"Caisse régionale de crédit agricole mutuel de l'Anjou et du Maine","address":{"street":"40 RUE PRÉMARTINE","postalCode":"72083","city":"LE MANS CEDEX 9","country":"FR"}},"17919":{"bic":"QNBAFRPPXXX","name":"Qatar national bank","address":{"street":"65 AVENUE D IENA","postalCode":"75116","city":"PARIS 16","country":"FR"}},"17959":{"bic":"BAMYFR22XXX","name":"Banque Michel Inchauspé - BAMI","address":{"street":"76 AVENUE DU 8 MAI 1945","postalCode":"64100","city":"BAYONNE","country":"FR"}},"17979":{"bic":"ARABFRPPXXX","name":"EUROPE ARAB BANK SA","address":{"street":"41 AVENUE DE FRIEDLAND","postalCode":"75008","city":"PARIS 08","country":"FR"}},"18050":{"bic":"CCMLFR21XXX","name":"Caisse de crédit municipal de Lyon","address":{"street":"221 RUE DUGUESCLIN","postalCode":"69396","city":"LYON CEDEX 03","country":"FR"}},"18059":{"bic":"MIDLFRCPXXX","name":"HSBC Bank Plc, Paris Branch","address":{"street":"38 AVENUE KLEBER","postalCode":"75116","city":"PARIS","country":"FR"}},"18079":{"bic":"SOGEGPGPXXX","name":"Banque des Caraïbes","address":{"street":"20 AVENUE ANDRE PROTHIN","postalCode":"92400","city":"Courbevoie","country":"FR"}},"18089":{"bic":"AUDIFRPPXXX","name":"Bank Audi France","address":{"street":"73 AVENUE DES CHAMPS ELYSEES","postalCode":"75008","city":"PARIS 08","country":"FR"}},"18106":{"bic":"AGRIFRCC881","name":"Caisse régionale de crédit agricole mutuel des Savoie","address":{"street":"LES GLAISINS 4 AVENUE DU PRÉ-FÉLIN","postalCode":"74985","city":"ANNECY LE VIEUX","country":"FR"}},"18129":{"bic":"ISAEFRPPXXX","name":"CACEIS Bank","address":{"street":"89 RUE GABRIEL PERI","postalCode":"92120","city":"Montrouge","country":"FR"}},"18169":{"bic":"CRESFRPPXXX","name":"Crédit suisse (Luxembourg) S.A.","address":{"street":"25 avenue Kléber","postalCode":"75016","city":"PARIS","country":"FR"}},"18189":{"bic":"CGCPFRPLXXX","name":"Compagnie générale de crédit aux particuliers - Crédipar","address":{"street":"2 BOULEVARD DE L EUROPE BP 30165","postalCode":"78307","city":"POISSY Cedex","country":"FR"}},"18206":{"bic":"AGRIFRCC892","name":"Caisse régionale de crédit agricole mutuel de Paris et d'Ile-de-France","address":{"street":"26 QUAI DE LA RAPÉE","postalCode":"75596","city":"PARIS CEDEX 12","country":"FR"}},"18306":{"bic":"AGRIFRCC883","name":"Caisse régionale de crédit agricole mutuel Normandie-Seine","address":{"street":"CS 70800","postalCode":"76238","city":"BOIS GUILLAUME CEDEX","country":"FR"}},"18359":{"bic":"CPMEFRPPXXX","name":"Bpifrance","address":{"street":"27-31 AVENUE DU GÉNÉRAL LECLERC","postalCode":"94710","city":"MAISONS - ALFORT","country":"FR"}},"18370":{"bic":"GPBAFRPPXXX","name":"ORANGE BANK","address":{"street":"67 RUE ROBESPIERRE","postalCode":"93100","city":"MONTREUIL","country":"FR"}},"18450":{"bic":"CMROFR21XXX","name":"Caisse de crédit municipal de Roubaix","address":{"street":"30 RUE DE LILLE","postalCode":"59061","city":"Roubaix Cédex 1","country":"FR"}},"18470":{"bic":"CCMTFR21XXX","name":"Caisse de crédit municipal de Nantes","address":{"street":"2 RUE MARCEL PAUL","postalCode":"44006","city":"Nantes Cedex 1","country":"FR"}},"18529":{"bic":"MHCBFRPP","name":"Mizuho bank ltd Paris branch","address":{"street":"40 RUE WASHINGTON","postalCode":"75408","city":"PARIS CEDEX 08","country":"FR"}},"18569":{"bic":"BMISFRPPXXX","name":"Banque Misr","address":{"street":"9 RUE AUBER","postalCode":"75009","city":"PARIS 09","country":"FR"}},"18689":{"bic":"FRAFFRPPXXX","name":"Fransabank France S.A.","address":{"street":"104 AVENUE DES CHAMPS ELYSEES","postalCode":"75008","city":"PARIS 08","country":"FR"}},"18706":{"bic":"AGRIFRCC887","name":"Caisse régionale de crédit agricole mutuel Brie Picardie","address":{"street":"500 RUE SAINT-FUSCIEN","postalCode":"80095","city":"AMIENS CEDEX 3","country":"FR"}},"18707":{"bic":"CCBPFRPPVER","name":"Banque populaire Val de France (2ème du nom)","address":{"street":"9 AVENUE NEWTON","postalCode":"78180","city":"MONTIGNY LE BRETONNEUX","country":"FR"}},"18719":{"bic":"BFCORERXXXX","name":"Banque Française Commerciale Océan Indien","address":{"street":"58 RUE ALEXIS DE VILLENEUVE","postalCode":"97404","city":"ST DENIS CEDEX","country":"FR"}},"18759":{"bic":"EFGBMCMCXXX","name":"EFG Bank (Monaco)","address":{"street":"15 avenue d'Ostende              Monte Carlo","postalCode":"98000","city":"MONACO","country":"FR"}},"18769":{"bic":"BKCHFRPPXXX","name":"Bank of China limited","address":{"street":"23 AVENUE DE LA GRANDE ARMEE","postalCode":"75116","city":"PARIS 16","country":"FR"}},"18789":{"bic":"ICBCFRPPXXX","name":"Mega international commercial bank Co, Ltd","address":{"street":"131 RUE DE TOLBIAC","postalCode":"75013","city":"PARIS 13","country":"FR"}},"18869":{"bic":"FEMUFR21BDF","name":"Banque française mutualiste - B.F.M.","address":{"street":"56 RUE DE LA GLACIERE","postalCode":"75013","city":"PARIS","country":"FR"}},"18950":{"bic":"CSCAFR21XXX","name":"Caisse de crédit municipal d'Avignon","address":{"street":"2 RUE VIALA","postalCode":"84009","city":"AVIGNON CEDEX 1","country":"FR"}},"18979":{"bic":"ABCOFRPPXXX","name":"ARAB BANKING CORPORATION SA","address":{"street":"4 RUE AUBER","postalCode":"75009","city":"PARIS 09","country":"FR"}},"19000":{"bic":"IVSTFRP1SMA","name":"Société auxiliaire d'études et d'investissements mobiliers - Investimo","address":{"street":"8 RUE LOUIS ARMAND BP 71201","postalCode":"75738","city":"PARIS CEDEX 15","country":"FR"}},"19069":{"bic":"KBLXFRPPXXX","name":"BANQUE RICHELIEU FRANCE","address":{"street":"1 RUE PAUL CEZANNE","postalCode":"75008","city":"PARIS 08","country":"FR"}},"19106":{"bic":"AGRIFRCC891","name":"Caisse régionale de crédit agricole mutuel Provence-Côte d'Azur (Alpes de Haute-Provence-Alpes-maritimes-Var)","address":{"street":"\"LES NÉGADIS\" AVENUE PAUL ARÈNE","postalCode":"83300","city":"DRAGUIGNAN","country":"FR"}},"19229":{"bic":"BSABFRPPXXX","name":"Banco de Sabadell","address":{"street":"127 AVENUE DES CHAMPS ELYSEES","postalCode":"75008","city":"PARIS 08","country":"FR"}},"19406":{"bic":"AGRIFRCC894","name":"Caisse régionale de crédit agricole mutuel de la Touraine et du Poitou","address":{"street":"18 RUE SALVADOR ALLENDE","postalCode":"86008","city":"POITIERS CEDEX","country":"FR"}},"19460":{"bic":"SFAXFRPPXXX","name":"Sofax banque","address":{"street":"2 PLACE JEAN MILLIER","postalCode":"92400","city":"COURBEVOIE","country":"FR"}},"19506":{"bic":"AGRIFRCC895","name":"Caisse régionale de crédit agricole mutuel du Centre Ouest","address":{"street":"29 BOULEVARD DE VANTEAUX","postalCode":"87044","city":"LIMOGES CEDEX","country":"FR"}},"19530":{"bic":"AGRIFRPIXXX","name":"Amundi","address":{"street":"91-93 BOULEVARD PASTEUR","postalCode":"75730","city":"PARIS CEDEX 15","country":"FR"}},"19570":{"bic":"UFIFFRP1XXX","name":"Union financière de France banque","address":{"street":"32 AVENUE D'IÉNA","postalCode":"75783","city":"PARIS CEDEX 16","country":"FR"}},"19806":{"bic":"AGRIMQMXXXX","name":"Caisse régionale de crédit agricole mutuel de la Martinique et de la Guyane","address":{"street":"RUE CASE NÈGRE PLACE D'ARMES","postalCode":"97232","city":"LE LAMENTIN CEDEX 2","country":"FR"}},"19870":{"bic":"SOAPFR22XXX","name":"Carrefour banque","address":{"street":"ZAE SAINT GUÉNAULT 1 RUE JEAN MERMOZ","postalCode":"91000","city":"EVRY-COURCOURONNES","country":"FR"}},"19906":{"bic":"AGRIRERXXXX","name":"Caisse régionale de crédit agricole mutuel de la Réunion","address":{"street":"CITÉ DES LAURIERS PARC JEAN DE CAMBIAIRE","postalCode":"97462","city":"SAINT-DENIS CEDEX","country":"FR"}},"20041":{"bic":"PSSTFRPPXXX","name":"La Banque Postale","address":{"street":"115 RUE DE SÈVRES","postalCode":"75275","city":"PARIS CEDEX 06","country":"FR"}},"21670":{"bic":"CPBIFRPPXXX","name":"Loomis FX, Gold and Services","address":{"street":"42 RUE BENOIT MALON","postalCode":"94250","city":"Gentilly","country":"FR"}},"22040":{"bic":"CMCIFRPACCM","name":"Confédération Nationale du Crédit Mutuel","address":{"street":"46 RUE DU BASTION","postalCode":"75847","city":"PARIS CEDEX 17","country":"FR"}},"23779":{"bic":"BYBBFRPPXXX","name":"Byblos bank Europe","address":{"street":"15 RUE LORD BYRON","postalCode":"75008","city":"PARIS 08","country":"FR"}},"23890":{"bic":"BCMAFRPPXXX","name":"Attijariwafa bank europe","address":{"street":"6 RUE CHAUCHAT","postalCode":"75009","city":"PARIS 09","country":"FR"}},"24599":{"bic":"PRIVFRPPXXX","name":"Milleis Banque","address":{"street":"2 AVENUE HOCHE","postalCode":"75008","city":"PARIS 08","country":"FR"}},"24659":{"bic":"BCIBFRP1XXX","name":"Banque Chabrières","address":{"street":"24 RUE AUGUSTE CHABRIÈRES","postalCode":"75737","city":"PARIS CEDEX 15","country":"FR"}},"27800":{"bic":"KREDFRPPXXX","name":"KBC bank","address":{"street":"SYNERGIE PARK 6 RUE NICOLAS APPERT","postalCode":"59030","city":"LILLE CEDEX","country":"FR"}},"28570":{"bic":"CMDIFR21XXX","name":"Caisse de crédit municipal de Dijon","address":{"street":"LÉGION D'HONNEUR 1 PLACE DU 30 OCTOBRE ET DE LA","postalCode":"21078","city":"DIJON CEDEX","country":"FR"}},"30002":{"bic":"CRLYFRPPXXX","name":"CREDIT LYONNAIS (LCL)","address":{"street":"18 rue de la République","postalCode":"69002","city":"LYON","country":"FR"}},"30003":{"bic":"SOGEFRPPXXX","name":"Société générale S.A.","address":{"street":"ZI CAP 18 VOIE D PORTE 25 189 RUE D AUBERVILLIERS","postalCode":"75886","city":"PARIS CEDEX 18","country":"FR"}},"30004":{"bic":"BNPAFRPPXXX","name":"BNP Paribas","address":{"street":"16 BOULEVARD DES ITALIENS","postalCode":"75009","city":"PARIS","country":"FR"}},"30006":{"bic":"AGRIFRPPXXX","name":"Crédit Agricole S.A.","address":{"street":"12 PLACE DES ETATS UNIS","postalCode":"92120","city":"MONTROUGE","country":"FR"}},"30007":{"bic":"NATXFRPPMAR","name":"Natixis","address":{"street":"30 AVENUE PIERRE MENDES FRANCE","postalCode":"75013","city":"PARIS 13","country":"FR"}},"30051":{"bic":"CFFOFRCCXXX","name":"Compagnie de financement foncier","address":{"street":"182 AVENUE DE FRANCE","postalCode":"75013","city":"PARIS 13","country":"FR"}},"30056":{"bic":"CCFRFRPPXXX","name":"HSBC Continental Europe","address":{"street":"38 AVENUE KLEBER","postalCode":"75116","city":"PARIS","country":"FR"}},"30066":{"bic":"CMCIFRCPCIC","name":"Crédit industriel et commercial - CIC","address":{"street":"6 AVENUE DE PROVENCE","postalCode":"75009","city":"PARIS 09","country":"FR"}},"30076":{"bic":"NORDFRPPXXX","name":"Crédit du Nord","address":{"street":"28 PLACE RIHOUR","postalCode":"59023","city":"LILLE CEDEX","country":"FR"}},"30077":{"bic":"SMCTFR2AXXX","name":"Société marseillaise de crédit","address":{"street":"75 RUE PARADIS","postalCode":"13006","city":"MARSEILLE 06","country":"FR"}},"30258":{"bic":"BATIFRP1XXX","name":"Banque du bâtiment et des travaux publics - BTP banque","address":{"street":"48 RUE LA PEROUSE","postalCode":"75116","city":"PARIS 16","country":"FR"}},"30438":{"bic":"INGBFRPPXXX","name":"ING Bank NV","address":{"street":"IMMEUBLE LUMIERE 40 AVENUE DES TERROIRS DE FRANCE","postalCode":"75012","city":"PARIS 12","country":"FR"}},"30478":{"bic":"MONTFRPPXXX","name":"Monte Paschi banque S.A.","address":{"street":"11 BOULEVARD DE LA MADELEINE","postalCode":"75001","city":"PARIS 01","country":"FR"}},"30588":{"bic":"BARCFRPPXXX","name":"Barclays Bank Ireland","address":{"street":"34/36 avenue de Friedland","postalCode":"75008","city":"PARIS","country":"FR"}},"30628":{"bic":"CHASFRPPXXX","name":"JPMorgan Chase bank, National Association","address":{"street":"14 PLACE VENDOME","postalCode":"75001","city":"PARIS 01","country":"FR"}},"30748":{"bic":"LAZPFRCCXXX","name":"Lazard Frères Banque","address":{"street":"175 BOULEVARD HAUSSMANN","postalCode":"75008","city":"PARIS 08","country":"FR"}},"30758":{"bic":"UBSWFRPPXXX","name":"UBS (France) S.A.","address":{"street":"69 BOULEVARD HAUSSMANN","postalCode":"75008","city":"PARIS 08","country":"FR"}},"30788":{"bic":"NSMBFRPPXXX","name":"Banque Neuflize OBC","address":{"street":"3 AVENUE HOCHE","postalCode":"75008","city":"PARIS 08","country":"FR"}},"31489":{"bic":"BSUIFRPPXXX","name":"Crédit agricole corporate and investment bank","address":{"street":"12 PLACE DES ETATS-UNIS","postalCode":"92547","city":"Montrouge Cedex","country":"FR"}},"40398":{"bic":"BICFFRPPXXX","name":"Banque internationale de commerce - BRED","address":{"street":"18 QUAI DE LA RAPEE","postalCode":"75012","city":"PARIS 12","country":"FR"}},"40618":{"bic":"BOUSFRPPBDF","name":"Boursorama","address":{"street":"44 RUE TRAVERSIERE","postalCode":"92100","city":"BOULOGNE BILLANCOURT","country":"FR"}},"40978":{"bic":"BSPFFRPPXXX","name":"Banque Palatine","address":{"street":"86 RUE DE COURCELLES","postalCode":"75382","city":"PARIS CEDEX08","country":"FR"}},"41139":{"bic":"BRASFRPPXXX","name":"Banco do Brasil AG","address":{"street":"0 29 avenue kleber","postalCode":"75116","city":"PARIS","country":"FR"}},"41189":{"bic":"BBVAFRPPBDF","name":"Banco Bilbao Vizcaya Argentaria (BBVA)","address":{"street":"29 AVENUE DE L OPERA","postalCode":"75001","city":"PARIS 01","country":"FR"}},"41219":{"bic":"BOFAFRPPXXX","name":"BANK OF AMERICA EUROPE DESIGNATED ACTIVITY COMPANY","address":{"street":"51 Rue la Boétie","postalCode":"75008","city":"PARIS","country":"FR"}},"41249":{"bic":"BOTKFRCCXXX","name":"MUFG Bank, Ltd","address":{"street":"18 rue du Quatre Septembre","postalCode":"75002","city":"PARIS","country":"FR"}},"41439":{"bic":"BCDMFRPPXXX","name":"Banque Chaabi du Maroc","address":{"street":"49 AVENUE KLEBER","postalCode":"75116","city":"PARIS 16","country":"FR"}},"41539":{"bic":"AGRIFRP1ACF","name":"CA Consumer Finance","address":{"street":"1 RUE VICTOR BASH CS 70001","postalCode":"91068","city":"MASSY CEDEX","country":"FR"}},"41639":{"bic":"NBOKFRPPXXX","name":"NBK France SA","address":{"street":"90 AVENUE DES CHAMPS ELYSEES","postalCode":"75008","city":"PARIS 08","country":"FR"}},"41829":{"bic":"LICOFRPPXXX","name":"Al Khaliji France","address":{"street":"49 AVENUE GEORGE V","postalCode":"75008","city":"PARIS 08","country":"FR"}},"41919":{"bic":"BNPARERXPOR","name":"BNP Paribas Réunion","address":{"street":"1 BOULEVARD HAUSSMANN","postalCode":"75009","city":"PARIS 09","country":"FR"}},"42529":{"bic":"COFIFRCPXXX","name":"Edmond de Rothschild (France)","address":{"street":"47 RUE DU FAUBOURG SAINT HONORE","postalCode":"75008","city":"PARIS 08","country":"FR"}},"42799":{"bic":"MOEYFRPPMON","name":"My Money Bank","address":{"street":"TOUR EUROPLAZA 20 AV ANDRÉ PROTHIN","postalCode":"92063","city":"PARIS LA DEFENSE CEDEX","country":"FR"}},"43789":{"bic":"SIFBFRP1FIT","name":"La Banque Privée Saint Germain","address":{"street":"243 BOULEVARD SAINT GERMAIN","postalCode":"75007","city":"PARIS 07","country":"FR"}},"43799":{"bic":"SIBLFRPPXXX","name":"CA INDOSUEZ WEALTH (FRANCE)","address":{"street":"17 RUE DU DOCTEUR LANCEREAUX","postalCode":"75008","city":"PARIS","country":"FR"}},"43899":{"bic":"UBAFFRPPXXX","name":"Union de banques arabes et françaises - U.B.A.F.","address":{"street":"TOUR EQHO COURBEVOIE 2 AVENUE GAMBETTA","postalCode":"92066","city":"PARIS LA DEFENSE CEDEX","country":"FR"}},"44729":{"bic":"BSCHFRPPXXX","name":"Banco Santander SA","address":{"street":"40 RUE DE COURCELLES","postalCode":"75008","city":"PARIS 08","country":"FR"}},"45539":{"bic":"CMCIFRCPCCM","name":"Caisse centrale du crédit mutuel","address":{"street":"88-90 RUE CARDINET","postalCode":"75847","city":"PARIS CEDEX 17","country":"FR"}},"45850":{"bic":"ODDOFRCPXXX","name":"Oddo BHF SCA","address":{"street":"12 BOULEVARD DE LA MADELEINE","postalCode":"75009","city":"PARIS 09","country":"FR"}}}
